text,frequency
,24
상승,12
하루거래량,10
버블,16
개,15
BTC,19
주춤,10
이미지,25
BC,16
바이낸스,19
지금,12
최고가,25
거대,20
달러,24
앞둔,22
모네로,23
VS,17
코인,18
상승세,27
거래소별,26
돌파,17
비트,28
고지,18
리플,12
위,10
글로벌,20
악재,28
루비니,25
비트코인,17
노보그라츠,15
최,11
억어치,18
제로엑스,20
근접,23
당해,11
비트코인SV,29
비트코인은,11
억,23
기적,25
시세,27
도,17
영향,18
해킹,28
털려,17
째,10
거래소,20
,27
상승,19
개,13
BSV,22
시대가,14
이미지,17
눈앞,14
BC,20
읽기,22
BN,12
하락예상,17
재돌파,16
다시,19
앞둔,25
코인,16
코리,13
기준,22
새,14
상승세,28
종목,10
고지,16
리플,10
비트코인,15
혼조세,12
하락,20
대표,24
퀀텀,23
기자의,23
아이오,27
속,12
올까,17
시세,14
비트코인의,13
연고점,18
AI봇,15
째,15
하락전망,25
,14
내림세,26
될,13
현재,26
하이젠베르크캐피털,29
전망,17
소멸,19
것,26
세계,25
달러,20
주가,24
기준,21
올라,14
거래소별,18
시,13
골드,13
넘봐,12
대,20
주요,27
시세와,13
비트코인,11
하락,17
지켜,24
테마기업,14
알트코인은,19
대체로,11
이더리움,25
시세,23
,15
상승,18
빗썸,19
최고가,11
기준,12
상승세,25
거래소별,26
종목,21
골드,17
주요,19
비트코인,27
하락,28
대표,14
최,13
이더리움,13
시세,10
,16
상승,21
빗썸,20
현재,28
모네로,17
상승세,11
상승전망,18
비트코인골드,19
리플,28
비트코인시세,17
비트코인,11
